Directory,Filename
NUGU_엣더룸_상품목록,.DS_Store
[92.5 silver] 베이직 뱅글 오픈 팔찌 (2type),main.jpg
[92.5 silver] 베이직 뱅글 오픈 팔찌 (2type),sub_1.jpg
플라워 아크릴 원터치 귀걸이 (5color),main.jpg
플라워 아크릴 원터치 귀걸이 (5color),sub_2.jpg
플라워 아크릴 원터치 귀걸이 (5color),sub_1.jpg
"[92.5 silver,천연원석] 원석 은볼 밴딩 팔찌 (2type)",main.jpg
"[92.5 silver,천연원석] 원석 은볼 밴딩 팔찌 (2type)",sub_2.jpg
"[92.5 silver,천연원석] 원석 은볼 밴딩 팔찌 (2type)",sub_1.jpg
앤틱 벨벳 보석 헤어 집게핀 (2color),main.jpg
앤틱 벨벳 보석 헤어 집게핀 (2color),sub_1.jpg
6ps matt wave ring set,main.jpg
6ps matt wave ring set,sub_1.jpg
[세트구성] 에펠 진주 레이어드 목걸이 (2color),main.jpg
[세트구성] 에펠 진주 레이어드 목걸이 (2color),sub_1.jpg
4개세트 보나 리본 헤어핀 세트 (6color),main.jpg
4개세트 보나 리본 헤어핀 세트 (6color),sub_3.jpg
4개세트 보나 리본 헤어핀 세트 (6color),sub_2.jpg
4개세트 보나 리본 헤어핀 세트 (6color),sub_1.jpg
프릴 이중 왕리본핀 (2color),main.jpg
프릴 이중 왕리본핀 (2color),sub_3.jpg
프릴 이중 왕리본핀 (2color),sub_2.jpg
프릴 이중 왕리본핀 (2color),sub_1.jpg
[셀룰로오스] 마블 프랑스 꽈배기 헤어 자동핀 (6color),main.jpg
[셀룰로오스] 마블 프랑스 꽈배기 헤어 자동핀 (6color),sub_1.jpg
샤스타 데이지 비즈 목걸이,main.jpg
샤스타 데이지 비즈 목걸이,sub_3.jpg
샤스타 데이지 비즈 목걸이,sub_2.jpg
샤스타 데이지 비즈 목걸이,sub_1.jpg
천연원석 플러팅 진주목걸이 (2color),main.jpg
천연원석 플러팅 진주목걸이 (2color),sub_3.jpg
천연원석 플러팅 진주목걸이 (2color),sub_2.jpg
천연원석 플러팅 진주목걸이 (2color),sub_1.jpg
[92.5 silver] 하트 큐빅 오픈 애끼 반지 (3color),main.jpg
[92.5 silver] 하트 큐빅 오픈 애끼 반지 (3color),sub_1.jpg
[92.5 silver] 캣츠아이 하트 반지 (3color),main.jpg
[92.5 silver] 캣츠아이 하트 반지 (3color),sub_2.jpg
[92.5 silver] 캣츠아이 하트 반지 (3color),sub_1.jpg
자개 동백꽃 비즈팔찌 (3color),main.jpg
자개 동백꽃 비즈팔찌 (3color),sub_1.jpg
온오프 시니컬 빈티지 써지컬목걸이 (3type),main.jpg
온오프 시니컬 빈티지 써지컬목걸이 (3type),sub_3.jpg
온오프 시니컬 빈티지 써지컬목걸이 (3type),sub_2.jpg
온오프 시니컬 빈티지 써지컬목걸이 (3type),sub_1.jpg
14mm 실버925 오로라 하트 진주귀걸이,main.jpg
14mm 실버925 오로라 하트 진주귀걸이,sub_1.jpg
청청 데님 헤어밴드 (2color),main.jpg
청청 데님 헤어밴드 (2color),sub_1.jpg
2ps 러브 하트 헤어핀 세트 (3color),main.jpg
2ps 러브 하트 헤어핀 세트 (3color),sub_3.jpg
2ps 러브 하트 헤어핀 세트 (3color),sub_2.jpg
2ps 러브 하트 헤어핀 세트 (3color),sub_1.jpg
[1+1] 미니 벨벳 리본 헤어끈 (6color),main.jpg
[1+1] 미니 벨벳 리본 헤어끈 (6color),sub_3.jpg
[1+1] 미니 벨벳 리본 헤어끈 (6color),sub_2.jpg
[1+1] 미니 벨벳 리본 헤어끈 (6color),sub_1.jpg
살롱 플라워 볼 비즈목걸이 (2color),main.jpg
살롱 플라워 볼 비즈목걸이 (2color),sub_3.jpg
살롱 플라워 볼 비즈목걸이 (2color),sub_2.jpg
살롱 플라워 볼 비즈목걸이 (2color),sub_1.jpg
[92.5 silver] 러블리 탄생석 반지 (1월~12월),main.jpg
[92.5 silver] 러블리 탄생석 반지 (1월~12월),sub_2.jpg
[92.5 silver] 러블리 탄생석 반지 (1월~12월),sub_1.jpg
실버925 스왈 진주 리본귀걸이,main.jpg
실버925 스왈 진주 리본귀걸이,sub_1.jpg
[92.5 silver] daisy one-touch earring,main.jpg
[92.5 silver] daisy one-touch earring,sub_3.jpg
[92.5 silver] daisy one-touch earring,sub_2.jpg
[92.5 silver] daisy one-touch earring,sub_1.jpg
[92.5 silver] 플럼 담수진주 목걸이,main.jpg
[92.5 silver] 플럼 담수진주 목걸이,sub_1.jpg
실버925 오로라 스트링 하트목걸이,main.jpg
실버925 오로라 스트링 하트목걸이,sub_3.jpg
실버925 오로라 스트링 하트목걸이,sub_2.jpg
실버925 오로라 스트링 하트목걸이,sub_1.jpg
[92.5 silver] 별 스타 미니 귀걸이 세트 (2color),main.jpg
[92.5 silver] 별 스타 미니 귀걸이 세트 (2color),sub_1.jpg
[92.5 silver] dandelion open ring,main.jpg
[92.5 silver] dandelion open ring,sub_1.jpg
실버925 젤리 하트 옥 원석 담수진주목걸이 (2color),main.jpg
실버925 젤리 하트 옥 원석 담수진주목걸이 (2color),sub_1.jpg
실버925 레드 애플 은귀걸이,main.jpg
실버925 레드 애플 은귀걸이,sub_3.jpg
실버925 레드 애플 은귀걸이,sub_2.jpg
실버925 레드 애플 은귀걸이,sub_1.jpg
실버925 트로피칼 꽃팔찌 매듭팔찌,main.jpg
실버925 트로피칼 꽃팔찌 매듭팔찌,sub_1.jpg
all 담수진주 밴딩 팔찌 (4type),main.jpg
all 담수진주 밴딩 팔찌 (4type),sub_1.jpg
[세트구성] 썸머 팔레트 호마이카 반지 (6color),main.jpg
[세트구성] 썸머 팔레트 호마이카 반지 (6color),sub_1.jpg
5ps 뮤뮤 에폭시 레이어드 실반지 세트 (2color),main.jpg
5ps 뮤뮤 에폭시 레이어드 실반지 세트 (2color),sub_2.jpg
5ps 뮤뮤 에폭시 레이어드 실반지 세트 (2color),sub_1.jpg
실버925 러브썸 담수진주팔찌,main.jpg
실버925 러브썸 담수진주팔찌,sub_2.jpg
실버925 러브썸 담수진주팔찌,sub_1.jpg
[92.5 silver] 미니 진주 하트 귀걸이 (2size),main.jpg
[92.5 silver] 미니 진주 하트 귀걸이 (2size),sub_1.jpg
도넛 아크릴 하트목걸이 롱목걸이,main.jpg
도넛 아크릴 하트목걸이 롱목걸이,sub_2.jpg
도넛 아크릴 하트목걸이 롱목걸이,sub_1.jpg
실버925 14mm 루즈 볼 롱목걸이 은목걸이,main.jpg
실버925 14mm 루즈 볼 롱목걸이 은목걸이,sub_3.jpg
실버925 14mm 루즈 볼 롱목걸이 은목걸이,sub_2.jpg
실버925 14mm 루즈 볼 롱목걸이 은목걸이,sub_1.jpg
"[92.5 silver, 천연원석] 베이직 원석 반지 (5color)",main.jpg
"[92.5 silver, 천연원석] 베이직 원석 반지 (5color)",sub_3.jpg
"[92.5 silver, 천연원석] 베이직 원석 반지 (5color)",sub_2.jpg
"[92.5 silver, 천연원석] 베이직 원석 반지 (5color)",sub_1.jpg
"[92.5 silver, 천연원석] 베이직 원석 반지 (5color)",sub_4.jpg
heart earring set (2 color),main.jpg
heart earring set (2 color),sub_2.jpg
heart earring set (2 color),sub_1.jpg
5ps 챌린지 레이어드 반지 세트 (2color),main.jpg
5ps 챌린지 레이어드 반지 세트 (2color),sub_2.jpg
5ps 챌린지 레이어드 반지 세트 (2color),sub_1.jpg
3t 하운드 체크 헤어밴드 (2color),main.jpg
3t 하운드 체크 헤어밴드 (2color),sub_1.jpg
[92.5 silver] bold heart snake necklace,main.jpg
[92.5 silver] bold heart snake necklace,sub_3.jpg
[92.5 silver] bold heart snake necklace,sub_2.jpg
[92.5 silver] bold heart snake necklace,sub_1.jpg
[92.5 silver] 베를린 오팔 반지 (2color),main.jpg
[92.5 silver] 베를린 오팔 반지 (2color),sub_1.jpg
오로라 쉘 조개 집게핀 (2color),main.jpg
오로라 쉘 조개 집게핀 (2color),sub_2.jpg
오로라 쉘 조개 집게핀 (2color),sub_1.jpg
실버925 헤이리 리본 진주목걸이,main.jpg
실버925 헤이리 리본 진주목걸이,sub_1.jpg
2ps 홀릭 하트 헤어핀 세트 (2color),main.jpg
2ps 홀릭 하트 헤어핀 세트 (2color),sub_3.jpg
2ps 홀릭 하트 헤어핀 세트 (2color),sub_2.jpg
2ps 홀릭 하트 헤어핀 세트 (2color),sub_1.jpg
2ps 홀릭 하트 헤어핀 세트 (2color),sub_4.jpg
[써지컬스틸] 원터치 링 피어싱 귀걸이 (8mm-10mm),main.jpg
[써지컬스틸] 원터치 링 피어싱 귀걸이 (8mm-10mm),sub_1.jpg
[92.5 silver] 볼드 크리 큐빅 반지 (3color),main.jpg
[92.5 silver] 볼드 크리 큐빅 반지 (3color),sub_3.jpg
[92.5 silver] 볼드 크리 큐빅 반지 (3color),sub_2.jpg
[92.5 silver] 볼드 크리 큐빅 반지 (3color),sub_1.jpg
[써지컬스틸] 4ps rabbit moon piercing,main.jpg
[써지컬스틸] 4ps rabbit moon piercing,sub_1.jpg
[92.5 silver] pink heart necklace,main.jpg
[92.5 silver] pink heart necklace,sub_1.jpg
실버925 볼하트 뱀줄팔찌,main.jpg
실버925 볼하트 뱀줄팔찌,sub_2.jpg
실버925 볼하트 뱀줄팔찌,sub_1.jpg
실버925 담수진주 은볼 믹스 두줄 진주팔찌,main.jpg
실버925 담수진주 은볼 믹스 두줄 진주팔찌,sub_1.jpg
2ps 마블 호마이카 원석 반지 세트 (2color),main.jpg
2ps 마블 호마이카 원석 반지 세트 (2color),sub_2.jpg
2ps 마블 호마이카 원석 반지 세트 (2color),sub_1.jpg
실버925 담수진주 장미 밴딩 은반지 (4color),main.jpg
실버925 담수진주 장미 밴딩 은반지 (4color),sub_3.jpg
실버925 담수진주 장미 밴딩 은반지 (4color),sub_2.jpg
실버925 담수진주 장미 밴딩 은반지 (4color),sub_1.jpg
실버 레더 헤어 스크런치 곱창머리끈,main.jpg
실버 레더 헤어 스크런치 곱창머리끈,sub_2.jpg
실버 레더 헤어 스크런치 곱창머리끈,sub_1.jpg
[은침_세트구성] 골든 벨벳 리본 진주 귀걸이 세트 (3color),main.jpg
[은침_세트구성] 골든 벨벳 리본 진주 귀걸이 세트 (3color),sub_3.jpg
[은침_세트구성] 골든 벨벳 리본 진주 귀걸이 세트 (3color),sub_2.jpg
[은침_세트구성] 골든 벨벳 리본 진주 귀걸이 세트 (3color),sub_1.jpg
써지컬스틸 미니 별 진주귀걸이,main.jpg
써지컬스틸 미니 별 진주귀걸이,sub_2.jpg
써지컬스틸 미니 별 진주귀걸이,sub_1.jpg
그린 원석 담수진주 밴딩 팔찌,main.jpg
그린 원석 담수진주 밴딩 팔찌,sub_2.jpg
그린 원석 담수진주 밴딩 팔찌,sub_1.jpg
[92.5 silver] 12mm 진주 귀걸이,main.jpg
[92.5 silver] 12mm 진주 귀걸이,sub_3.jpg
[92.5 silver] 12mm 진주 귀걸이,sub_2.jpg
[92.5 silver] 12mm 진주 귀걸이,sub_1.jpg
[92.5 silver] 12mm 진주 귀걸이,sub_4.jpg
[세트구성] 진주 투웨이 롱 하트 두줄 목걸이 (2color),main.jpg
[세트구성] 진주 투웨이 롱 하트 두줄 목걸이 (2color),sub_2.jpg
[세트구성] 진주 투웨이 롱 하트 두줄 목걸이 (2color),sub_1.jpg
글라스 로프 체인 목걸이 (4color),main.jpg
글라스 로프 체인 목걸이 (4color),sub_3.jpg
글라스 로프 체인 목걸이 (4color),sub_2.jpg
글라스 로프 체인 목걸이 (4color),sub_1.jpg
퀄팅하트 리본 Y 슬라이드 롱목걸이 (2type),main.jpg
퀄팅하트 리본 Y 슬라이드 롱목걸이 (2type),sub_3.jpg
퀄팅하트 리본 Y 슬라이드 롱목걸이 (2type),sub_2.jpg
퀄팅하트 리본 Y 슬라이드 롱목걸이 (2type),sub_1.jpg
8ps 페이브 레이어드 반지,main.jpg
8ps 페이브 레이어드 반지,sub_2.jpg
8ps 페이브 레이어드 반지,sub_1.jpg
[써지컬스틸] 글래스 아크릴 볼 목걸이,main.jpg
[써지컬스틸] 글래스 아크릴 볼 목걸이,sub_2.jpg
[써지컬스틸] 글래스 아크릴 볼 목걸이,sub_1.jpg
[92.5 silver] 데일리 웨이브 반지 (2type),main.jpg
[92.5 silver] 데일리 웨이브 반지 (2type),sub_1.jpg
[92.5 silver] rose necklace (2 color),main.jpg
[92.5 silver] rose necklace (2 color),sub_2.jpg
[92.5 silver] rose necklace (2 color),sub_1.jpg
실버925 텔미 원석 담수진주반지 비즈링 (4color),main.jpg
실버925 텔미 원석 담수진주반지 비즈링 (4color),sub_3.jpg
실버925 텔미 원석 담수진주반지 비즈링 (4color),sub_2.jpg
실버925 텔미 원석 담수진주반지 비즈링 (4color),sub_1.jpg
[써지컬스틸] 라인 하트 목걸이 (2color),main.jpg
[써지컬스틸] 라인 하트 목걸이 (2color),sub_1.jpg
[92.5 silver] 소문자 알파벳 목걸이 (a~z),main.jpg
[92.5 silver] 소문자 알파벳 목걸이 (a~z),sub_2.jpg
[92.5 silver] 소문자 알파벳 목걸이 (a~z),sub_1.jpg
실버925 스퀘어 컷팅 진주목걸이,main.jpg
실버925 스퀘어 컷팅 진주목걸이,sub_3.jpg
실버925 스퀘어 컷팅 진주목걸이,sub_2.jpg
실버925 스퀘어 컷팅 진주목걸이,sub_1.jpg
미러 리본 집게핀 (5color),main.jpg
미러 리본 집게핀 (5color),sub_3.jpg
미러 리본 집게핀 (5color),sub_2.jpg
미러 리본 집게핀 (5color),sub_1.jpg
미러 리본 집게핀 (5color),sub_4.jpg
[92.5 silver] 딥플리 베이직 담수진주 목걸이 (3type),main.jpg
[92.5 silver] 딥플리 베이직 담수진주 목걸이 (3type),sub_1.jpg
실버925 러브잇 은귀걸이 세트 4ps,main.jpg
실버925 러브잇 은귀걸이 세트 4ps,sub_3.jpg
실버925 러브잇 은귀걸이 세트 4ps,sub_2.jpg
실버925 러브잇 은귀걸이 세트 4ps,sub_1.jpg
실버925 샤이닝 로프 볼팔찌,main.jpg
실버925 샤이닝 로프 볼팔찌,sub_1.jpg
도넛 아크릴 진주 호마이카반지 2ps (5color),main.jpg
도넛 아크릴 진주 호마이카반지 2ps (5color),sub_3.jpg
도넛 아크릴 진주 호마이카반지 2ps (5color),sub_2.jpg
도넛 아크릴 진주 호마이카반지 2ps (5color),sub_1.jpg
[셀룰로오스] 타탄 체크 헤어핀 (3color),main.jpg
[셀룰로오스] 타탄 체크 헤어핀 (3color),sub_3.jpg
[셀룰로오스] 타탄 체크 헤어핀 (3color),sub_2.jpg
[셀룰로오스] 타탄 체크 헤어핀 (3color),sub_1.jpg
[세트구성] 블로썸 하트 귀걸이 세트 (2color),main.jpg
[세트구성] 블로썸 하트 귀걸이 세트 (2color),sub_2.jpg
[세트구성] 블로썸 하트 귀걸이 세트 (2color),sub_1.jpg
블루밍 터키 원석 목걸이,main.jpg
블루밍 터키 원석 목걸이,sub_1.jpg
"[92.5 silver, 천연원석] 민트 옥 원석 원터치 링귀걸이",main.jpg
"[92.5 silver, 천연원석] 민트 옥 원석 원터치 링귀걸이",sub_3.jpg
"[92.5 silver, 천연원석] 민트 옥 원석 원터치 링귀걸이",sub_2.jpg
"[92.5 silver, 천연원석] 민트 옥 원석 원터치 링귀걸이",sub_1.jpg
실버925 멜로우 볼드 하트 롱목걸이,main.jpg
실버925 멜로우 볼드 하트 롱목걸이,sub_3.jpg
실버925 멜로우 볼드 하트 롱목걸이,sub_2.jpg
실버925 멜로우 볼드 하트 롱목걸이,sub_1.jpg
넬 하트 진주목걸이 (2color),main.jpg
넬 하트 진주목걸이 (2color),sub_2.jpg
넬 하트 진주목걸이 (2color),sub_1.jpg
민트 담수진주 실팔찌 매듭팔찌,main.jpg
민트 담수진주 실팔찌 매듭팔찌,sub_1.jpg
"[92.5 silver,18k 골드] 도트 로즈골드 큐빅 볼 반지",main.jpg
"[92.5 silver,18k 골드] 도트 로즈골드 큐빅 볼 반지",sub_1.jpg
[세트구성] 크리스탈 큐빅 진주 헤어핀 세트 (2color),main.jpg
[세트구성] 크리스탈 큐빅 진주 헤어핀 세트 (2color),sub_1.jpg
FW 매트 왕리본핀 (7color),main.jpg
FW 매트 왕리본핀 (7color),sub_3.jpg
FW 매트 왕리본핀 (7color),sub_2.jpg
FW 매트 왕리본핀 (7color),sub_1.jpg
[92.5 silver] 스무스 하트 귀걸이 (3color),main.jpg
[92.5 silver] 스무스 하트 귀걸이 (3color),sub_3.jpg
[92.5 silver] 스무스 하트 귀걸이 (3color),sub_2.jpg
[92.5 silver] 스무스 하트 귀걸이 (3color),sub_1.jpg
7ps 마린 레이어드 반지 세트 (2color),main.jpg
7ps 마린 레이어드 반지 세트 (2color),sub_2.jpg
7ps 마린 레이어드 반지 세트 (2color),sub_1.jpg
[92.5 silver] pearl oval one touch earring (2color),main.jpg
[92.5 silver] pearl oval one touch earring (2color),sub_1.jpg
[세트구성] mini antique earring set (2color),main.jpg
[세트구성] mini antique earring set (2color),sub_2.jpg
[세트구성] mini antique earring set (2color),sub_1.jpg
"[92.5 silver,16k gold] 심플 스파크 반지 (2color)",main.jpg
"[92.5 silver,16k gold] 심플 스파크 반지 (2color)",sub_3.jpg
"[92.5 silver,16k gold] 심플 스파크 반지 (2color)",sub_2.jpg
"[92.5 silver,16k gold] 심플 스파크 반지 (2color)",sub_1.jpg
실버925 어베인 하트 실팔찌 매듭팔찌 우정팔찌 (5color),main.jpg
실버925 어베인 하트 실팔찌 매듭팔찌 우정팔찌 (5color),sub_3.jpg
실버925 어베인 하트 실팔찌 매듭팔찌 우정팔찌 (5color),sub_2.jpg
실버925 어베인 하트 실팔찌 매듭팔찌 우정팔찌 (5color),sub_1.jpg
[92.5 silver] basic femme necklace (2 color),main.jpg
[92.5 silver] basic femme necklace (2 color),sub_1.jpg
[써지컬스틸] 테니스 투라인 큐빅 반지 (2color),main.jpg
[써지컬스틸] 테니스 투라인 큐빅 반지 (2color),sub_2.jpg
[써지컬스틸] 테니스 투라인 큐빅 반지 (2color),sub_1.jpg
point pearl necklace,main.jpg
point pearl necklace,sub_2.jpg
point pearl necklace,sub_1.jpg
[92.5 silver] 앤틱 봉봉 플라워 반지,main.jpg
[92.5 silver] 앤틱 봉봉 플라워 반지,sub_1.jpg
9ps classic vintage ring set (2color),main.jpg
9ps classic vintage ring set (2color),sub_1.jpg
[92.5 silver] 모던 은볼 밴딩 팔찌,main.jpg
[92.5 silver] 모던 은볼 밴딩 팔찌,sub_1.jpg
5ps round pearl layered ring set (2color),main.jpg
5ps round pearl layered ring set (2color),sub_1.jpg
써지컬스틸 두줄 테니스 팔찌 (2color),main.jpg
써지컬스틸 두줄 테니스 팔찌 (2color),sub_3.jpg
써지컬스틸 두줄 테니스 팔찌 (2color),sub_2.jpg
써지컬스틸 두줄 테니스 팔찌 (2color),sub_1.jpg
[92.5 silver] 미니 하트 후크 귀걸이 (2color),main.jpg
[92.5 silver] 미니 하트 후크 귀걸이 (2color),sub_1.jpg
롱 배색 리본 헤어끈 (2color),main.jpg
롱 배색 리본 헤어끈 (2color),sub_2.jpg
롱 배색 리본 헤어끈 (2color),sub_1.jpg
"[92.5 silver,담수진주] 하트 진주 펜던트 밴딩 팔찌 (2color)",main.jpg
"[92.5 silver,담수진주] 하트 진주 펜던트 밴딩 팔찌 (2color)",sub_3.jpg
"[92.5 silver,담수진주] 하트 진주 펜던트 밴딩 팔찌 (2color)",sub_2.jpg
"[92.5 silver,담수진주] 하트 진주 펜던트 밴딩 팔찌 (2color)",sub_1.jpg
프렌치 하트 셀룰로오스 헤어핀 (4color),main.jpg
프렌치 하트 셀룰로오스 헤어핀 (4color),sub_3.jpg
프렌치 하트 셀룰로오스 헤어핀 (4color),sub_2.jpg
프렌치 하트 셀룰로오스 헤어핀 (4color),sub_1.jpg
[92.5 silver] vital cubic ring (2 color),main.jpg
[92.5 silver] vital cubic ring (2 color),sub_2.jpg
[92.5 silver] vital cubic ring (2 color),sub_1.jpg
"[92.5 silver,천연원석] 퓨어 그린 원석 담수진주 팔찌",main.jpg
"[92.5 silver,천연원석] 퓨어 그린 원석 담수진주 팔찌",sub_3.jpg
"[92.5 silver,천연원석] 퓨어 그린 원석 담수진주 팔찌",sub_2.jpg
"[92.5 silver,천연원석] 퓨어 그린 원석 담수진주 팔찌",sub_1.jpg
제나 하트반지 세트 7ps (2color),main.jpg
제나 하트반지 세트 7ps (2color),sub_3.jpg
제나 하트반지 세트 7ps (2color),sub_2.jpg
제나 하트반지 세트 7ps (2color),sub_1.jpg
[써지컬스틸] 프레즐 매듭 꼬임 볼드 반지 (3color),main.jpg
[써지컬스틸] 프레즐 매듭 꼬임 볼드 반지 (3color),sub_2.jpg
[써지컬스틸] 프레즐 매듭 꼬임 볼드 반지 (3color),sub_1.jpg
[92.5 silver] 브엘 하트 귀걸이 (2color),main.jpg
[92.5 silver] 브엘 하트 귀걸이 (2color),sub_3.jpg
[92.5 silver] 브엘 하트 귀걸이 (2color),sub_2.jpg
[92.5 silver] 브엘 하트 귀걸이 (2color),sub_1.jpg
데이지 볼체인 자개목걸이 (2color),main.jpg
데이지 볼체인 자개목걸이 (2color),sub_3.jpg
데이지 볼체인 자개목걸이 (2color),sub_2.jpg
데이지 볼체인 자개목걸이 (2color),sub_1.jpg
뮤즈 플라워 아크릴 스트링 롱목걸이 (2color),main.jpg
뮤즈 플라워 아크릴 스트링 롱목걸이 (2color),sub_2.jpg
뮤즈 플라워 아크릴 스트링 롱목걸이 (2color),sub_1.jpg
"[92.5 silver,담수진주] ugly pearl bracelet (2color)",main.jpg
"[92.5 silver,담수진주] ugly pearl bracelet (2color)",sub_1.jpg
[써지컬스틸] 라인 하트 귀걸이 (2color),main.jpg
[써지컬스틸] 라인 하트 귀걸이 (2color),sub_1.jpg
"[92.5silver,천연원석] verbena gemstone necklace (2color)",main.jpg
"[92.5silver,천연원석] verbena gemstone necklace (2color)",sub_3.jpg
"[92.5silver,천연원석] verbena gemstone necklace (2color)",sub_2.jpg
"[92.5silver,천연원석] verbena gemstone necklace (2color)",sub_1.jpg
[써지컬스틸] 물방울 스터드 귀걸이 (2color),main.jpg
[써지컬스틸] 물방울 스터드 귀걸이 (2color),sub_2.jpg
[써지컬스틸] 물방울 스터드 귀걸이 (2color),sub_1.jpg
러빙유 하트 옆머리핀 헤어핀 모음 (6type),main.jpg
러빙유 하트 옆머리핀 헤어핀 모음 (6type),sub_3.jpg
러빙유 하트 옆머리핀 헤어핀 모음 (6type),sub_2.jpg
러빙유 하트 옆머리핀 헤어핀 모음 (6type),sub_1.jpg
[92.5 silver] 비비드 하트 볼 목걸이 (4color),main.jpg
[92.5 silver] 비비드 하트 볼 목걸이 (4color),sub_3.jpg
[92.5 silver] 비비드 하트 볼 목걸이 (4color),sub_2.jpg
[92.5 silver] 비비드 하트 볼 목걸이 (4color),sub_1.jpg
실버925 글램 하트 스트링 은팔찌,main.jpg
실버925 글램 하트 스트링 은팔찌,sub_1.jpg
"[92.5 silver, 천연원석] 오닉스 하트 체인 오픈 반지 (2color)",main.jpg
"[92.5 silver, 천연원석] 오닉스 하트 체인 오픈 반지 (2color)",sub_3.jpg
"[92.5 silver, 천연원석] 오닉스 하트 체인 오픈 반지 (2color)",sub_2.jpg
"[92.5 silver, 천연원석] 오닉스 하트 체인 오픈 반지 (2color)",sub_1.jpg
루시드 진주팔찌 (2type),main.jpg
루시드 진주팔찌 (2type),sub_1.jpg
로즈쿼츠 하트반지 세트 3ps,main.jpg
로즈쿼츠 하트반지 세트 3ps,sub_2.jpg
로즈쿼츠 하트반지 세트 3ps,sub_1.jpg
5ps urban layered ring set (2color),main.jpg
5ps urban layered ring set (2color),sub_2.jpg
5ps urban layered ring set (2color),sub_1.jpg
실버925 문라이트 문스톤 원석반지 은반지,main.jpg
실버925 문라이트 문스톤 원석반지 은반지,sub_1.jpg
실버925 스파크 큐빅 하트목걸이 은목걸이 (2color),main.jpg
실버925 스파크 큐빅 하트목걸이 은목걸이 (2color),sub_2.jpg
실버925 스파크 큐빅 하트목걸이 은목걸이 (2color),sub_1.jpg
윈터 벨벳 리본 자동 헤어핀 (6color),main.jpg
윈터 벨벳 리본 자동 헤어핀 (6color),sub_1.jpg
"[92.5 silver,천연원석] 오닉스 원석 라운드 목걸이 (2color)",main.jpg
"[92.5 silver,천연원석] 오닉스 원석 라운드 목걸이 (2color)",sub_3.jpg
"[92.5 silver,천연원석] 오닉스 원석 라운드 목걸이 (2color)",sub_2.jpg
"[92.5 silver,천연원석] 오닉스 원석 라운드 목걸이 (2color)",sub_1.jpg
"[92.5 silver,천연원석] 오닉스 원석 라운드 목걸이 (2color)",sub_5.jpg
"[92.5 silver,천연원석] 오닉스 원석 라운드 목걸이 (2color)",sub_4.jpg
1+1 새틴 곱창밴드 실크스크런치 (5color),main.jpg
1+1 새틴 곱창밴드 실크스크런치 (5color),sub_2.jpg
1+1 새틴 곱창밴드 실크스크런치 (5color),sub_1.jpg
러브미 하트 스트링 목걸이 (2color),main.jpg
러브미 하트 스트링 목걸이 (2color),sub_3.jpg
러브미 하트 스트링 목걸이 (2color),sub_2.jpg
러브미 하트 스트링 목걸이 (2color),sub_1.jpg
[써지컬스틸] 볼드 투 라인 앵게이지 반지,main.jpg
[써지컬스틸] 볼드 투 라인 앵게이지 반지,sub_1.jpg
4ps pearl crystal beads ring set (4color),main.jpg
4ps pearl crystal beads ring set (4color),sub_2.jpg
4ps pearl crystal beads ring set (4color),sub_1.jpg
"[92.5 silver,스왈] 에어 블루 십자가 목걸이",main.jpg
"[92.5 silver,스왈] 에어 블루 십자가 목걸이",sub_3.jpg
"[92.5 silver,스왈] 에어 블루 십자가 목걸이",sub_2.jpg
"[92.5 silver,스왈] 에어 블루 십자가 목걸이",sub_1.jpg
[92.5 silver] curve heart open ring (2color),main.jpg
[92.5 silver] curve heart open ring (2color),sub_3.jpg
[92.5 silver] curve heart open ring (2color),sub_2.jpg
[92.5 silver] curve heart open ring (2color),sub_1.jpg
[92.5 silver] 스무스 하트 오픈 반지 (3color),main.jpg
[92.5 silver] 스무스 하트 오픈 반지 (3color),sub_2.jpg
[92.5 silver] 스무스 하트 오픈 반지 (3color),sub_1.jpg
빈티지 포인트 이어커프 3종 모음 (2color),main.jpg
빈티지 포인트 이어커프 3종 모음 (2color),sub_1.jpg
5ps 샤베트 하트 진주 레이어드 반지 세트 (2color),main.jpg
5ps 샤베트 하트 진주 레이어드 반지 세트 (2color),sub_1.jpg
[엣더룸 추천] 11ps our day ring set (2 color),main.jpg
[엣더룸 추천] 11ps our day ring set (2 color),sub_1.jpg
벨라 진주 레이어드 3줄 목걸이 (2color),main.jpg
벨라 진주 레이어드 3줄 목걸이 (2color),sub_1.jpg
[담수진주] lovable pearl necklace (2 color),main.jpg
[담수진주] lovable pearl necklace (2 color),sub_3.jpg
[담수진주] lovable pearl necklace (2 color),sub_2.jpg
[담수진주] lovable pearl necklace (2 color),sub_1.jpg
[92.5 silver] 에브리 하트 원터치 귀걸이 (2color),main.jpg
[92.5 silver] 에브리 하트 원터치 귀걸이 (2color),sub_1.jpg
9ps unit ring set (2color),main.jpg
9ps unit ring set (2color),sub_1.jpg
[셀룰로오스] 메리제인 헤어핀 (6color),main.jpg
[셀룰로오스] 메리제인 헤어핀 (6color),sub_1.jpg
basic ribbon hairpin (5color),main.jpg
basic ribbon hairpin (5color),sub_3.jpg
basic ribbon hairpin (5color),sub_2.jpg
basic ribbon hairpin (5color),sub_1.jpg
샤틴 로즈데이 옆머리핀 헤어핀 (2color),main.jpg
샤틴 로즈데이 옆머리핀 헤어핀 (2color),sub_2.jpg
샤틴 로즈데이 옆머리핀 헤어핀 (2color),sub_1.jpg
[1+1] 글리터 아크릴 헤어핀 (4color),main.jpg
[1+1] 글리터 아크릴 헤어핀 (4color),sub_3.jpg
[1+1] 글리터 아크릴 헤어핀 (4color),sub_2.jpg
[1+1] 글리터 아크릴 헤어핀 (4color),sub_1.jpg
"[92.5 silver,천연석] 물방울 문스톤 반지 (2color)",main.jpg
"[92.5 silver,천연석] 물방울 문스톤 반지 (2color)",sub_2.jpg
"[92.5 silver,천연석] 물방울 문스톤 반지 (2color)",sub_1.jpg
실버925 벨로체 왕진주귀걸이,main.jpg
실버925 벨로체 왕진주귀걸이,sub_1.jpg
써지컬스틸 샤인 로프 꼬임 팔찌,main.jpg
써지컬스틸 샤인 로프 꼬임 팔찌,sub_1.jpg
[천연원석] 화이트문스톤 밴딩 반지,main.jpg
[천연원석] 화이트문스톤 밴딩 반지,sub_2.jpg
[천연원석] 화이트문스톤 밴딩 반지,sub_1.jpg
포엠 매트 진주반지 세트 3ps,main.jpg
포엠 매트 진주반지 세트 3ps,sub_2.jpg
포엠 매트 진주반지 세트 3ps,sub_1.jpg
"[92.5 silver,천연원석] 블랙 오닉스 하트 볼 체인 목걸이",main.jpg
"[92.5 silver,천연원석] 블랙 오닉스 하트 볼 체인 목걸이",sub_3.jpg
"[92.5 silver,천연원석] 블랙 오닉스 하트 볼 체인 목걸이",sub_2.jpg
"[92.5 silver,천연원석] 블랙 오닉스 하트 볼 체인 목걸이",sub_1.jpg
"[92.5 silver,천연원석] 블랙 오닉스 하트 볼 체인 목걸이",sub_4.jpg
[92.5 silver] 앤틱 하트 꼬임 오픈 반지,main.jpg
[92.5 silver] 앤틱 하트 꼬임 오픈 반지,sub_1.jpg
[담수진주] 밀키 담수진주 프리 밴딩 반지,main.jpg
[담수진주] 밀키 담수진주 프리 밴딩 반지,sub_1.jpg
실버925 프레즐 꼬임 하트 은귀걸이,main.jpg
실버925 프레즐 꼬임 하트 은귀걸이,sub_1.jpg
3t 밀크 코듀로이 헤어밴드 (5color),main.jpg
3t 밀크 코듀로이 헤어밴드 (5color),sub_2.jpg
3t 밀크 코듀로이 헤어밴드 (5color),sub_1.jpg
[92.5 silver] 블랙 하트 큐빅 원터치 링귀걸이,main.jpg
[92.5 silver] 블랙 하트 큐빅 원터치 링귀걸이,sub_1.jpg
[써지컬스틸_4개세트] 밈 하트 써지컬귀걸이 세트 (3color),main.jpg
[써지컬스틸_4개세트] 밈 하트 써지컬귀걸이 세트 (3color),sub_1.jpg
토글 플라워 가죽 스트링 팔찌,main.jpg
토글 플라워 가죽 스트링 팔찌,sub_1.jpg
[92.5 silver] del luna cubic ring (2 color),main.jpg
[92.5 silver] del luna cubic ring (2 color),sub_3.jpg
[92.5 silver] del luna cubic ring (2 color),sub_2.jpg
[92.5 silver] del luna cubic ring (2 color),sub_1.jpg
[92.5 silver] shell earring (2color),main.jpg
[92.5 silver] shell earring (2color),sub_1.jpg
[써지컬스틸_6개세트] 데일리 큐빅 귀걸이 세트 (2color),main.jpg
[써지컬스틸_6개세트] 데일리 큐빅 귀걸이 세트 (2color),sub_1.jpg
로맨티크 진주 왕리본핀 (2color),main.jpg
로맨티크 진주 왕리본핀 (2color),sub_2.jpg
로맨티크 진주 왕리본핀 (2color),sub_1.jpg
트위스트 리본 진주 귀걸이 (2color),main.jpg
트위스트 리본 진주 귀걸이 (2color),sub_3.jpg
트위스트 리본 진주 귀걸이 (2color),sub_2.jpg
트위스트 리본 진주 귀걸이 (2color),sub_1.jpg
jelly flower beads bracelet (2color),main.jpg
jelly flower beads bracelet (2color),sub_1.jpg
3ps 통통 하트 아크릴 호마이카 반지 세트 (5color),main.jpg
3ps 통통 하트 아크릴 호마이카 반지 세트 (5color),sub_2.jpg
3ps 통통 하트 아크릴 호마이카 반지 세트 (5color),sub_1.jpg
"[92.5 silver, 18k gold] 듀 하트 볼체인 목걸이 (2color)",main.jpg
"[92.5 silver, 18k gold] 듀 하트 볼체인 목걸이 (2color)",sub_3.jpg
"[92.5 silver, 18k gold] 듀 하트 볼체인 목걸이 (2color)",sub_2.jpg
"[92.5 silver, 18k gold] 듀 하트 볼체인 목걸이 (2color)",sub_1.jpg
[셀룰로오스] 프렌치 일자 헤어 집게핀 (5color),main.jpg
[셀룰로오스] 프렌치 일자 헤어 집게핀 (5color),sub_2.jpg
[셀룰로오스] 프렌치 일자 헤어 집게핀 (5color),sub_1.jpg
[92.5 silver] 러프 큐빅 볼드 반지,main.jpg
[92.5 silver] 러프 큐빅 볼드 반지,sub_1.jpg
하리보 두줄 목걸이 (2color),main.jpg
하리보 두줄 목걸이 (2color),sub_2.jpg
하리보 두줄 목걸이 (2color),sub_1.jpg
앙고라 리본 자동 헤어핀 (6color),main.jpg
앙고라 리본 자동 헤어핀 (6color),sub_3.jpg
앙고라 리본 자동 헤어핀 (6color),sub_2.jpg
앙고라 리본 자동 헤어핀 (6color),sub_1.jpg
앙고라 리본 자동 헤어핀 (6color),sub_4.jpg
실버925 차르 리본 뱀줄목걸이 은목걸이,main.jpg
실버925 차르 리본 뱀줄목걸이 은목걸이,sub_3.jpg
실버925 차르 리본 뱀줄목걸이 은목걸이,sub_2.jpg
실버925 차르 리본 뱀줄목걸이 은목걸이,sub_1.jpg
"[92.5 silver,천연원석] onyx bracelet",main.jpg
"[92.5 silver,천연원석] onyx bracelet",sub_1.jpg
Pink wedding ring set,main.jpg
Pink wedding ring set,sub_2.jpg
Pink wedding ring set,sub_1.jpg
[써지컬스틸] 블링 테니스 팔찌 (3color),main.jpg
[써지컬스틸] 블링 테니스 팔찌 (3color),sub_1.jpg
셀룰로이드 빅 프렌치 옆머리 프랑스핀 똑딱핀 (5color),main.jpg
셀룰로이드 빅 프렌치 옆머리 프랑스핀 똑딱핀 (5color),sub_3.jpg
셀룰로이드 빅 프렌치 옆머리 프랑스핀 똑딱핀 (5color),sub_2.jpg
셀룰로이드 빅 프렌치 옆머리 프랑스핀 똑딱핀 (5color),sub_1.jpg
flower chiffon scrunchy (3 color),main.jpg
flower chiffon scrunchy (3 color),sub_1.jpg
"[92.5 silver,천연원석] 로즈골드 마름모 원석 반지 (로즈쿼츠,문스톤)",main.jpg
"[92.5 silver,천연원석] 로즈골드 마름모 원석 반지 (로즈쿼츠,문스톤)",sub_3.jpg
"[92.5 silver,천연원석] 로즈골드 마름모 원석 반지 (로즈쿼츠,문스톤)",sub_2.jpg
"[92.5 silver,천연원석] 로즈골드 마름모 원석 반지 (로즈쿼츠,문스톤)",sub_1.jpg
[92.5 silver] 담수진주 빈티지 코인 목걸이 (2color),main.jpg
[92.5 silver] 담수진주 빈티지 코인 목걸이 (2color),sub_1.jpg
써지컬스틸 헤마타이트 진주목걸이,main.jpg
써지컬스틸 헤마타이트 진주목걸이,sub_1.jpg
[92.5 silver] race layered ring,main.jpg
[92.5 silver] race layered ring,sub_2.jpg
[92.5 silver] race layered ring,sub_1.jpg
"[92.5 silver, 천연원석] 블루 칼세도니아 뱀줄 목걸이 (2color)",main.jpg
"[92.5 silver, 천연원석] 블루 칼세도니아 뱀줄 목걸이 (2color)",sub_3.jpg
"[92.5 silver, 천연원석] 블루 칼세도니아 뱀줄 목걸이 (2color)",sub_2.jpg
"[92.5 silver, 천연원석] 블루 칼세도니아 뱀줄 목걸이 (2color)",sub_1.jpg
"[92.5 silver, 천연원석] 블루 칼세도니아 뱀줄 목걸이 (2color)",sub_4.jpg
[92.5 silver] 로즈골드 하트 원석 반지 (4color),main.jpg
[92.5 silver] 로즈골드 하트 원석 반지 (4color),sub_2.jpg
[92.5 silver] 로즈골드 하트 원석 반지 (4color),sub_1.jpg
[써지컬스틸] 워터 드롭 목걸이 (2color),main.jpg
[써지컬스틸] 워터 드롭 목걸이 (2color),sub_1.jpg
"[천연원석,담수진주] 로망스 비즈 밴딩 팔찌 (4color)",main.jpg
"[천연원석,담수진주] 로망스 비즈 밴딩 팔찌 (4color)",sub_3.jpg
"[천연원석,담수진주] 로망스 비즈 밴딩 팔찌 (4color)",sub_2.jpg
"[천연원석,담수진주] 로망스 비즈 밴딩 팔찌 (4color)",sub_1.jpg
"[천연원석,담수진주] 로망스 비즈 밴딩 팔찌 (4color)",sub_4.jpg
3줄 진주 레이어드 목걸이 (2color),.DS_Store
3줄 진주 레이어드 목걸이 (2color),main.jpg
3줄 진주 레이어드 목걸이 (2color),sub_2.jpg
3줄 진주 레이어드 목걸이 (2color),sub_1.jpg
헤마타이트 밴딩 진주팔찌,main.jpg
헤마타이트 밴딩 진주팔찌,sub_1.jpg
키치 에폭 아크릴 꽃반지 (3color),main.jpg
키치 에폭 아크릴 꽃반지 (3color),sub_2.jpg
키치 에폭 아크릴 꽃반지 (3color),sub_1.jpg
[92.5 silver] milky pearl earring (2color),main.jpg
[92.5 silver] milky pearl earring (2color),sub_1.jpg
[7ps] painting ring set,main.jpg
[7ps] painting ring set,sub_1.jpg
벨트 체인 하트목걸이 (2color),main.jpg
벨트 체인 하트목걸이 (2color),sub_3.jpg
벨트 체인 하트목걸이 (2color),sub_2.jpg
벨트 체인 하트목걸이 (2color),sub_1.jpg
[엣더룸추천_국내제작] 릴리 쉬폰 리본 헤어 자동핀 (6color),main.jpg
[엣더룸추천_국내제작] 릴리 쉬폰 리본 헤어 자동핀 (6color),sub_3.jpg
[엣더룸추천_국내제작] 릴리 쉬폰 리본 헤어 자동핀 (6color),sub_2.jpg
[엣더룸추천_국내제작] 릴리 쉬폰 리본 헤어 자동핀 (6color),sub_1.jpg
오간자 쉬폰 미니리본핀 (8color),main.jpg
오간자 쉬폰 미니리본핀 (8color),sub_3.jpg
오간자 쉬폰 미니리본핀 (8color),sub_2.jpg
오간자 쉬폰 미니리본핀 (8color),sub_1.jpg
오간자 쉬폰 미니리본핀 (8color),sub_4.jpg
[셀룰로오스] 미니 프렌치 리본 헤어핀 (6color),main.jpg
[셀룰로오스] 미니 프렌치 리본 헤어핀 (6color),sub_3.jpg
[셀룰로오스] 미니 프렌치 리본 헤어핀 (6color),sub_2.jpg
[셀룰로오스] 미니 프렌치 리본 헤어핀 (6color),sub_1.jpg
실버925 프릴 리본 스트링 롱목걸이,main.jpg
실버925 프릴 리본 스트링 롱목걸이,sub_3.jpg
실버925 프릴 리본 스트링 롱목걸이,sub_2.jpg
실버925 프릴 리본 스트링 롱목걸이,sub_1.jpg
[세트구성] 5ps 진주 레이어드 반지 세트 (22ver),main.jpg
[세트구성] 5ps 진주 레이어드 반지 세트 (22ver),sub_1.jpg
실버925 드랑 하트 스트랩 길이조절 롱목걸이,main.jpg
실버925 드랑 하트 스트랩 길이조절 롱목걸이,sub_3.jpg
실버925 드랑 하트 스트랩 길이조절 롱목걸이,sub_2.jpg
실버925 드랑 하트 스트랩 길이조절 롱목걸이,sub_1.jpg
[92.5 silver] 퍼시픽 오팔 나뭇잎 목걸이,main.jpg
[92.5 silver] 퍼시픽 오팔 나뭇잎 목걸이,sub_2.jpg
[92.5 silver] 퍼시픽 오팔 나뭇잎 목걸이,sub_1.jpg
셀룰로이드 조약돌 프랑스핀 옆머리핀 집게핀 (4color),main.jpg
셀룰로이드 조약돌 프랑스핀 옆머리핀 집게핀 (4color),sub_3.jpg
셀룰로이드 조약돌 프랑스핀 옆머리핀 집게핀 (4color),sub_2.jpg
셀룰로이드 조약돌 프랑스핀 옆머리핀 집게핀 (4color),sub_1.jpg
5ps 위어 비즈 반지 세트 (2color),main.jpg
5ps 위어 비즈 반지 세트 (2color),sub_2.jpg
5ps 위어 비즈 반지 세트 (2color),sub_1.jpg
7ps 빈티지 어센틱 실버 반지,main.jpg
7ps 빈티지 어센틱 실버 반지,sub_1.jpg
실버925 젤리 원석 볼 은반지 (6color),main.jpg
실버925 젤리 원석 볼 은반지 (6color),sub_3.jpg
실버925 젤리 원석 볼 은반지 (6color),sub_2.jpg
실버925 젤리 원석 볼 은반지 (6color),sub_1.jpg
히피 빅하트 스트링 롱목걸이 (4color),main.jpg
히피 빅하트 스트링 롱목걸이 (4color),sub_3.jpg
히피 빅하트 스트링 롱목걸이 (4color),sub_2.jpg
히피 빅하트 스트링 롱목걸이 (4color),sub_1.jpg
히피 빅하트 스트링 롱목걸이 (4color),sub_5.jpg
히피 빅하트 스트링 롱목걸이 (4color),sub_4.jpg
히피 빅하트 스트링 롱목걸이 (4color),sub_6.jpg
히피 빅하트 스트링 롱목걸이 (4color),sub_7.jpg
실버925 로웰 큐빅 물결반지 은반지 (2color),main.jpg
실버925 로웰 큐빅 물결반지 은반지 (2color),sub_3.jpg
실버925 로웰 큐빅 물결반지 은반지 (2color),sub_2.jpg
실버925 로웰 큐빅 물결반지 은반지 (2color),sub_1.jpg
[92.5silver] 트리플 진주 은볼 밴딩 팔찌,main.jpg
[92.5silver] 트리플 진주 은볼 밴딩 팔찌,sub_1.jpg
[92.5 silver] 네추럴 볼드 꼬임 체인 팔찌,main.jpg
[92.5 silver] 네추럴 볼드 꼬임 체인 팔찌,sub_1.jpg
버터 하트 진주 팔찌 (2color),main.jpg
버터 하트 진주 팔찌 (2color),sub_1.jpg
[92.5 silver] white opal ring (2color),main.jpg
[92.5 silver] white opal ring (2color),sub_1.jpg
[92.5 silver] 프레즐 하트 귀걸이(2 color),main.jpg
[92.5 silver] 프레즐 하트 귀걸이(2 color),sub_2.jpg
[92.5 silver] 프레즐 하트 귀걸이(2 color),sub_1.jpg
"[92.5 silver, 천연원석] 블루아게이트 큐빅 반지",main.jpg
"[92.5 silver, 천연원석] 블루아게이트 큐빅 반지",sub_3.jpg
"[92.5 silver, 천연원석] 블루아게이트 큐빅 반지",sub_2.jpg
"[92.5 silver, 천연원석] 블루아게이트 큐빅 반지",sub_1.jpg
"[92.5 silver, 천연원석] 블루아게이트 큐빅 반지",sub_4.jpg
[92.5 silver] 핵진주 하트 펄 목걸이,main.jpg
[92.5 silver] 핵진주 하트 펄 목걸이,sub_1.jpg
[92.5 silver] 벨 담수진주 링 원터치 귀걸이 (2color),main.jpg
[92.5 silver] 벨 담수진주 링 원터치 귀걸이 (2color),sub_1.jpg
[92.5 silver] mini tulip necklace (2 color),main.jpg
[92.5 silver] mini tulip necklace (2 color),sub_2.jpg
[92.5 silver] mini tulip necklace (2 color),sub_1.jpg
블랑 하트 로프 스트링 써지컬목걸이,main.jpg
블랑 하트 로프 스트링 써지컬목걸이,sub_1.jpg
"[92.5 silver, 천연원석] 오닉스 원석 스터드 귀걸이 (2color)",main.jpg
"[92.5 silver, 천연원석] 오닉스 원석 스터드 귀걸이 (2color)",sub_3.jpg
"[92.5 silver, 천연원석] 오닉스 원석 스터드 귀걸이 (2color)",sub_2.jpg
"[92.5 silver, 천연원석] 오닉스 원석 스터드 귀걸이 (2color)",sub_1.jpg
[엣더룸추천] 펀칭 레이스 빅 헤어 스크런치 (3color),main.jpg
[엣더룸추천] 펀칭 레이스 빅 헤어 스크런치 (3color),sub_3.jpg
[엣더룸추천] 펀칭 레이스 빅 헤어 스크런치 (3color),sub_2.jpg
[엣더룸추천] 펀칭 레이스 빅 헤어 스크런치 (3color),sub_1.jpg
3ps 미우 하트 매듭 반지 세트 (2color),main.jpg
3ps 미우 하트 매듭 반지 세트 (2color),sub_2.jpg
3ps 미우 하트 매듭 반지 세트 (2color),sub_1.jpg
[천연원석] 자개 꽃 담수진주 목걸이 (4color),main.jpg
[천연원석] 자개 꽃 담수진주 목걸이 (4color),sub_3.jpg
[천연원석] 자개 꽃 담수진주 목걸이 (4color),sub_2.jpg
[천연원석] 자개 꽃 담수진주 목걸이 (4color),sub_1.jpg
[천연원석] 자개 꽃 담수진주 목걸이 (4color),sub_4.jpg
[써지컬스틸] 볼드 타원 원터치 귀걸이 (2color),main.jpg
[써지컬스틸] 볼드 타원 원터치 귀걸이 (2color),sub_1.jpg
파스텔 바스락 헤어 스크런치 (7color),main.jpg
파스텔 바스락 헤어 스크런치 (7color),sub_3.jpg
파스텔 바스락 헤어 스크런치 (7color),sub_2.jpg
파스텔 바스락 헤어 스크런치 (7color),sub_1.jpg
7ps 이너프 하트 반지 세트,main.jpg
7ps 이너프 하트 반지 세트,sub_2.jpg
7ps 이너프 하트 반지 세트,sub_1.jpg
[써지컬스틸] 4ps 베리페리 피어싱 세트,main.jpg
[써지컬스틸] 4ps 베리페리 피어싱 세트,sub_2.jpg
[써지컬스틸] 4ps 베리페리 피어싱 세트,sub_1.jpg
써지컬스틸 플랫 심플 레이어드 실팔찌 (7type),main.jpg
써지컬스틸 플랫 심플 레이어드 실팔찌 (7type),sub_3.jpg
써지컬스틸 플랫 심플 레이어드 실팔찌 (7type),sub_2.jpg
써지컬스틸 플랫 심플 레이어드 실팔찌 (7type),sub_1.jpg
스파크 그린 원석 비즈 팔찌,main.jpg
스파크 그린 원석 비즈 팔찌,sub_1.jpg
"[92.5 silver, 담수진주] 래브라도 원석 목걸이",main.jpg
"[92.5 silver, 담수진주] 래브라도 원석 목걸이",sub_3.jpg
"[92.5 silver, 담수진주] 래브라도 원석 목걸이",sub_2.jpg
"[92.5 silver, 담수진주] 래브라도 원석 목걸이",sub_1.jpg
"[92.5 silver, 담수진주] 래브라도 원석 목걸이",sub_4.jpg
"[92.5 silver,천연석] twist moonstone ring",main.jpg
"[92.5 silver,천연석] twist moonstone ring",sub_1.jpg
[92.5 silver] 천연 담수진주 귀걸이 (4mm-6mm-8mm),main.jpg
[92.5 silver] 천연 담수진주 귀걸이 (4mm-6mm-8mm),sub_2.jpg
[92.5 silver] 천연 담수진주 귀걸이 (4mm-6mm-8mm),sub_1.jpg
[92.5 silver] mini heart snake necklace (2 color),main.jpg
[92.5 silver] mini heart snake necklace (2 color),sub_2.jpg
[92.5 silver] mini heart snake necklace (2 color),sub_1.jpg
[셀룰로오스] 프렌치 큐빅 일자 자동핀 (5color),main.jpg
[셀룰로오스] 프렌치 큐빅 일자 자동핀 (5color),sub_1.jpg
[천연원석] 비비드 원석 비즈 목걸이 (3color),main.jpg
[천연원석] 비비드 원석 비즈 목걸이 (3color),sub_2.jpg
[천연원석] 비비드 원석 비즈 목걸이 (3color),sub_1.jpg
[써지컬스틸] 4ps 베어 피어싱 세트,main.jpg
[써지컬스틸] 4ps 베어 피어싱 세트,sub_1.jpg
[92.5 silver] slim twist ring,main.jpg
[92.5 silver] slim twist ring,sub_1.jpg
실버925 심플 스퀘어 컷팅 은팔찌,main.jpg
실버925 심플 스퀘어 컷팅 은팔찌,sub_2.jpg
실버925 심플 스퀘어 컷팅 은팔찌,sub_1.jpg
[써지컬스틸] 트위스트 오벌 원터치 귀걸이 (2color),main.jpg
[써지컬스틸] 트위스트 오벌 원터치 귀걸이 (2color),sub_1.jpg
청청 데님 헤어 스크런치 (2color),main.jpg
청청 데님 헤어 스크런치 (2color),sub_1.jpg
[92.5 silver] sleek pearl earring (2 color),main.jpg
[92.5 silver] sleek pearl earring (2 color),sub_1.jpg
[천연원석] gemstone ball necklace (3color),main.jpg
[천연원석] gemstone ball necklace (3color),sub_1.jpg
[92.5 silver] princess ring (2color),main.jpg
[92.5 silver] princess ring (2color),sub_2.jpg
[92.5 silver] princess ring (2color),sub_1.jpg
[92.5 silver] 투톤 라인 원터치 링귀걸이,main.jpg
[92.5 silver] 투톤 라인 원터치 링귀걸이,sub_1.jpg
[셀룰로오스세트구성] 프랑스 미니 도넛 헤어핀 (5color),main.jpg
[셀룰로오스세트구성] 프랑스 미니 도넛 헤어핀 (5color),sub_1.jpg
실버925 사각 지르코니아 테니스팔찌 은팔찌,main.jpg
실버925 사각 지르코니아 테니스팔찌 은팔찌,sub_3.jpg
실버925 사각 지르코니아 테니스팔찌 은팔찌,sub_2.jpg
실버925 사각 지르코니아 테니스팔찌 은팔찌,sub_1.jpg
동그리 이어커프 (5color),main.jpg
동그리 이어커프 (5color),sub_1.jpg
[써지컬스틸_6개세트] 2mm simple earring set (4color),main.jpg
[써지컬스틸_6개세트] 2mm simple earring set (4color),sub_1.jpg
[천연원석] 샌프란 자개 팔찌 (4color),main.jpg
[천연원석] 샌프란 자개 팔찌 (4color),sub_1.jpg
블랙 로즈 하트 진주 목걸이,main.jpg
블랙 로즈 하트 진주 목걸이,sub_1.jpg
big 배색 리본 자동 헤어핀,main.jpg
big 배색 리본 자동 헤어핀,sub_1.jpg
5ps 빈티지 플라워 레이어드 반지 (2color),main.jpg
5ps 빈티지 플라워 레이어드 반지 (2color),sub_1.jpg
[92.5 silver] 어글리 하트 큐빅 오픈 반지 (2color),main.jpg
[92.5 silver] 어글리 하트 큐빅 오픈 반지 (2color),sub_2.jpg
[92.5 silver] 어글리 하트 큐빅 오픈 반지 (2color),sub_1.jpg
루미 볼륨 리본목걸이 (1color),main.jpg
루미 볼륨 리본목걸이 (1color),sub_2.jpg
루미 볼륨 리본목걸이 (1color),sub_1.jpg
데님 이중 왕리본핀 (3color),main.jpg
데님 이중 왕리본핀 (3color),sub_2.jpg
데님 이중 왕리본핀 (3color),sub_1.jpg
pebble heart necklace,main.jpg
pebble heart necklace,sub_1.jpg
[92.5 silver] 오벌 큐빅 슬림 반지 (4color),main.jpg
[92.5 silver] 오벌 큐빅 슬림 반지 (4color),sub_2.jpg
[92.5 silver] 오벌 큐빅 슬림 반지 (4color),sub_1.jpg
[92.5 silver] 럽잇 하트 귀걸이 세트 (2color),main.jpg
[92.5 silver] 럽잇 하트 귀걸이 세트 (2color),sub_2.jpg
[92.5 silver] 럽잇 하트 귀걸이 세트 (2color),sub_1.jpg
[92.5 silver] 도트 플라워 원석 목걸이 (2color),main.jpg
[92.5 silver] 도트 플라워 원석 목걸이 (2color),sub_1.jpg
실버925 헤이리 진주 리본귀걸이,main.jpg
실버925 헤이리 진주 리본귀걸이,sub_2.jpg
실버925 헤이리 진주 리본귀걸이,sub_1.jpg
메탈 하트 집게핀 세트 (2color),main.jpg
메탈 하트 집게핀 세트 (2color),sub_3.jpg
메탈 하트 집게핀 세트 (2color),sub_2.jpg
메탈 하트 집게핀 세트 (2color),sub_1.jpg
세레나 리본 헤어 스크런치 (2color),main.jpg
세레나 리본 헤어 스크런치 (2color),sub_2.jpg
세레나 리본 헤어 스크런치 (2color),sub_1.jpg
[92.5 silver] big flower open ring,main.jpg
[고퀄] 에나멜 레더 헤어밴드 (5color),main.jpg
[고퀄] 에나멜 레더 헤어밴드 (5color),sub_2.jpg
[고퀄] 에나멜 레더 헤어밴드 (5color),sub_1.jpg
[92.5 silver] 브엘 하트 목걸이,main.jpg
[92.5 silver] 브엘 하트 목걸이,sub_2.jpg
[92.5 silver] 브엘 하트 목걸이,sub_1.jpg
실버925 담수진주 로라 하트 로즈골드 원석목걸이 (3color),main.jpg
실버925 담수진주 로라 하트 로즈골드 원석목걸이 (3color),sub_2.jpg
실버925 담수진주 로라 하트 로즈골드 원석목걸이 (3color),sub_1.jpg
"[92.5 silver,18k골드] 리본 진주 후크 귀걸이 (2color)",main.jpg
"[92.5 silver,18k골드] 리본 진주 후크 귀걸이 (2color)",sub_3.jpg
"[92.5 silver,18k골드] 리본 진주 후크 귀걸이 (2color)",sub_2.jpg
"[92.5 silver,18k골드] 리본 진주 후크 귀걸이 (2color)",sub_1.jpg
[92.5 silver] 비비드 하트 오픈 반지 (4color),main.jpg
[92.5 silver] 비비드 하트 오픈 반지 (4color),sub_3.jpg
[92.5 silver] 비비드 하트 오픈 반지 (4color),sub_2.jpg
[92.5 silver] 비비드 하트 오픈 반지 (4color),sub_1.jpg
리본타이 헤어끈 (2color),main.jpg
리본타이 헤어끈 (2color),sub_3.jpg
리본타이 헤어끈 (2color),sub_2.jpg
리본타이 헤어끈 (2color),sub_1.jpg
써지컬스틸 한쌍구매 꽈배기 링귀걸이 (3size),main.jpg
써지컬스틸 한쌍구매 꽈배기 링귀걸이 (3size),sub_2.jpg
써지컬스틸 한쌍구매 꽈배기 링귀걸이 (3size),sub_1.jpg
[엣더룸추천] 이니셜 알파벳 비즈 반지 (2color),main.jpg
[엣더룸추천] 이니셜 알파벳 비즈 반지 (2color),sub_2.jpg
[엣더룸추천] 이니셜 알파벳 비즈 반지 (2color),sub_1.jpg
[92.5 silver] 스와로브스키 진주 체인 드롭 귀걸이 (3color),main.jpg
[92.5 silver] 스와로브스키 진주 체인 드롭 귀걸이 (3color),sub_1.jpg
앤틱 진주 두줄 목걸이 (2color),main.jpg
앤틱 진주 두줄 목걸이 (2color),sub_1.jpg
브리튼 백팩 (3color),main.jpg
브리튼 백팩 (3color),sub_3.jpg
브리튼 백팩 (3color),sub_2.jpg
브리튼 백팩 (3color),sub_1.jpg
브리튼 백팩 (3color),sub_4.jpg
셀룰로이드 치크 미니집게핀 옆머리핀 (6color),main.jpg
셀룰로이드 치크 미니집게핀 옆머리핀 (6color),sub_3.jpg
셀룰로이드 치크 미니집게핀 옆머리핀 (6color),sub_2.jpg
셀룰로이드 치크 미니집게핀 옆머리핀 (6color),sub_1.jpg
샤이니 스톤 반지 (2color),main.jpg
샤이니 스톤 반지 (2color),sub_1.jpg
"[92,5 silver] 도트 플라워 원석 오픈 반지 (2color)",main.jpg
"[92,5 silver] 도트 플라워 원석 오픈 반지 (2color)",sub_2.jpg
"[92,5 silver] 도트 플라워 원석 오픈 반지 (2color)",sub_1.jpg
[은침] 스와로브스키 보석 귀걸이 (3color),main.jpg
[은침] 스와로브스키 보석 귀걸이 (3color),sub_1.jpg
[써지컬스틸] 4ps 그린 로즈 피어싱 세트,main.jpg
[써지컬스틸] 4ps 그린 로즈 피어싱 세트,sub_1.jpg
fave bold cubic ring (2color),main.jpg
fave bold cubic ring (2color),sub_1.jpg
오픈 하트 써지컬목걸이 롱목걸이 (2color),main.jpg
오픈 하트 써지컬목걸이 롱목걸이 (2color),sub_2.jpg
오픈 하트 써지컬목걸이 롱목걸이 (2color),sub_1.jpg
실버925 조개 은볼 오닉스팔찌,main.jpg
실버925 조개 은볼 오닉스팔찌,sub_3.jpg
실버925 조개 은볼 오닉스팔찌,sub_2.jpg
실버925 조개 은볼 오닉스팔찌,sub_1.jpg
"[92.5silver,천연원석] 하트 프레첼 이태리 체인 목걸이 (2color)",main.jpg
"[92.5silver,천연원석] 하트 프레첼 이태리 체인 목걸이 (2color)",sub_2.jpg
"[92.5silver,천연원석] 하트 프레첼 이태리 체인 목걸이 (2color)",sub_1.jpg
[92.5 silver] 하트 묵주 반지 (2color),main.jpg
[92.5 silver] 하트 묵주 반지 (2color),sub_1.jpg
듀엘 하트 스트링 롱목걸이 (2color),main.jpg
듀엘 하트 스트링 롱목걸이 (2color),sub_2.jpg
듀엘 하트 스트링 롱목걸이 (2color),sub_1.jpg
실버925 카멜 플라워 은목걸이 (2color),main.jpg
실버925 카멜 플라워 은목걸이 (2color),sub_2.jpg
실버925 카멜 플라워 은목걸이 (2color),sub_1.jpg
"[92.5 silver, 담수진주] 부케 진주 귀걸이",main.jpg
"[92.5 silver, 담수진주] 부케 진주 귀걸이",sub_3.jpg
"[92.5 silver, 담수진주] 부케 진주 귀걸이",sub_2.jpg
"[92.5 silver, 담수진주] 부케 진주 귀걸이",sub_4.jpg
[92.5 silver] 볼드 라인 진주 이어커프,main.jpg
[92.5 silver] 볼드 라인 진주 이어커프,sub_1.jpg
[92.5 silver] 미니 네잎클로버 목걸이 (2color),main.jpg
[92.5 silver] 미니 네잎클로버 목걸이 (2color),sub_1.jpg
실버925 핸드메이드 볼드 하트 원터치귀걸이 (2color),main.jpg
실버925 핸드메이드 볼드 하트 원터치귀걸이 (2color),sub_3.jpg
실버925 핸드메이드 볼드 하트 원터치귀걸이 (2color),sub_2.jpg
실버925 핸드메이드 볼드 하트 원터치귀걸이 (2color),sub_1.jpg
달링 빅 트위드 리본 헤어 자동핀 (3color),main.jpg
달링 빅 트위드 리본 헤어 자동핀 (3color),sub_2.jpg
달링 빅 트위드 리본 헤어 자동핀 (3color),sub_1.jpg
셀린 리본집게핀 (3color),main.jpg
셀린 리본집게핀 (3color),sub_3.jpg
셀린 리본집게핀 (3color),sub_2.jpg
셀린 리본집게핀 (3color),sub_1.jpg
[92.5 silver] 볼드 해머링 원터치 귀걸이 (2color),main.jpg
[92.5 silver] 볼드 해머링 원터치 귀걸이 (2color),sub_2.jpg
[92.5 silver] 볼드 해머링 원터치 귀걸이 (2color),sub_1.jpg
[92.5 silver] sunrise necklace (2color),main.jpg
[92.5 silver] sunrise necklace (2color),sub_1.jpg
실버925 블로썸 로즈 자개귀걸이 웨딩귀걸이 은귀걸이,main.jpg
실버925 블로썸 로즈 자개귀걸이 웨딩귀걸이 은귀걸이,sub_3.jpg
실버925 블로썸 로즈 자개귀걸이 웨딩귀걸이 은귀걸이,sub_2.jpg
실버925 블로썸 로즈 자개귀걸이 웨딩귀걸이 은귀걸이,sub_1.jpg
[92.5 silver] 진주 플라워 앤틱 오픈 반지 (2color),main.jpg
[92.5 silver] 진주 플라워 앤틱 오픈 반지 (2color),sub_3.jpg
[92.5 silver] 진주 플라워 앤틱 오픈 반지 (2color),sub_2.jpg
[92.5 silver] 진주 플라워 앤틱 오픈 반지 (2color),sub_1.jpg
[92.5 silver] volume heart hook earring,main.jpg
[92.5 silver] volume heart hook earring,sub_1.jpg
이브 진주 아크릴 귀걸이세트 (2type),main.jpg
이브 진주 아크릴 귀걸이세트 (2type),sub_1.jpg
[6ps] Mood ring set (2 color),main.jpg
[6ps] Mood ring set (2 color),sub_2.jpg
[6ps] Mood ring set (2 color),sub_1.jpg
[92.5 silver] 모노 펄 목걸이,main.jpg
[92.5 silver] 모노 펄 목걸이,sub_1.jpg
[은침] 에어 플라워 스왈 스터드 귀걸이 (2color),main.jpg
[은침] 에어 플라워 스왈 스터드 귀걸이 (2color),sub_1.jpg
실버925 메리미 리본 볼팔찌 은팔찌,main.jpg
실버925 메리미 리본 볼팔찌 은팔찌,sub_3.jpg
실버925 메리미 리본 볼팔찌 은팔찌,sub_2.jpg
실버925 메리미 리본 볼팔찌 은팔찌,sub_1.jpg
[92.5 silver] 핑크 스왈 진주 귀걸이 (3type),main.jpg
[92.5 silver] 핑크 스왈 진주 귀걸이 (3type),sub_3.jpg
[92.5 silver] 핑크 스왈 진주 귀걸이 (3type),sub_2.jpg
[92.5 silver] 핑크 스왈 진주 귀걸이 (3type),sub_1.jpg
[92.5 silver] 핑크 스왈 진주 귀걸이 (3type),sub_4.jpg
"[92.5 silver,천연석] may necklace (2color)",main.jpg
"[92.5 silver,천연석] may necklace (2color)",sub_2.jpg
"[92.5 silver,천연석] may necklace (2color)",sub_1.jpg
6ps value ring set (2color),main.jpg
6ps value ring set (2color),sub_2.jpg
6ps value ring set (2color),sub_1.jpg
[1+1] 미니 벨벳 리본 헤어핀 (6color),main.jpg
[1+1] 미니 벨벳 리본 헤어핀 (6color),sub_3.jpg
[1+1] 미니 벨벳 리본 헤어핀 (6color),sub_2.jpg
[1+1] 미니 벨벳 리본 헤어핀 (6color),sub_1.jpg
셀룰로이드 마블링 반달 집게핀 (4color),main.jpg
셀룰로이드 마블링 반달 집게핀 (4color),sub_2.jpg
셀룰로이드 마블링 반달 집게핀 (4color),sub_1.jpg
"[92.5 silver, 담수진주] 엠마 블랙 비즈 목걸이",main.jpg
"[92.5 silver, 담수진주] 엠마 블랙 비즈 목걸이",sub_2.jpg
"[92.5 silver, 담수진주] 엠마 블랙 비즈 목걸이",sub_1.jpg
5ps crystal beads ring set (4color),main.jpg
5ps crystal beads ring set (4color),sub_2.jpg
5ps crystal beads ring set (4color),sub_1.jpg
실버925 컬러링 하트 큐빅 오픈 반지,main.jpg
실버925 컬러링 하트 큐빅 오픈 반지,sub_1.jpg
[92.5 silver] 리틀 하트 오픈 반지 (2color),main.jpg
[92.5 silver] 리틀 하트 오픈 반지 (2color),sub_1.jpg
3t 트위드 체크 니트 헤어밴드 (2color),main.jpg
3t 트위드 체크 니트 헤어밴드 (2color),sub_2.jpg
3t 트위드 체크 니트 헤어밴드 (2color),sub_1.jpg
실버925 헤븐 볼하트 담수진주팔찌 은팔찌,main.jpg
실버925 헤븐 볼하트 담수진주팔찌 은팔찌,sub_3.jpg
실버925 헤븐 볼하트 담수진주팔찌 은팔찌,sub_2.jpg
실버925 헤븐 볼하트 담수진주팔찌 은팔찌,sub_1.jpg
실버925 스왈 흑진주 펄 진주목걸이 (3type),main.jpg
실버925 스왈 흑진주 펄 진주목걸이 (3type),sub_1.jpg
실버925 데이지 원석 비즈팔찌,main.jpg
실버925 데이지 원석 비즈팔찌,sub_1.jpg
샤틴 로즈데이 타이 스카프 롱목걸이,main.jpg
샤틴 로즈데이 타이 스카프 롱목걸이,sub_2.jpg
샤틴 로즈데이 타이 스카프 롱목걸이,sub_1.jpg
[6ps] basic dot ring set (2 color),main.jpg
[6ps] basic dot ring set (2 color),sub_3.jpg
[6ps] basic dot ring set (2 color),sub_2.jpg
[6ps] basic dot ring set (2 color),sub_1.jpg
셀룰로이드 데이지 일자 옆머리핀 (4color),main.jpg
셀룰로이드 데이지 일자 옆머리핀 (4color),sub_3.jpg
셀룰로이드 데이지 일자 옆머리핀 (4color),sub_2.jpg
셀룰로이드 데이지 일자 옆머리핀 (4color),sub_1.jpg
[92.5 silver] 스왈 진주 D 원터치 귀걸이 (2color),main.jpg
[92.5 silver] 스왈 진주 D 원터치 귀걸이 (2color),sub_2.jpg
[92.5 silver] 스왈 진주 D 원터치 귀걸이 (2color),sub_1.jpg
블랙페이퍼 비즈반지 세트 5ps,main.jpg
블랙페이퍼 비즈반지 세트 5ps,sub_2.jpg
블랙페이퍼 비즈반지 세트 5ps,sub_1.jpg
5ps verry good ring set (3color),main.jpg
5ps verry good ring set (3color),sub_2.jpg
5ps verry good ring set (3color),sub_1.jpg
[92.5 silver] 에폭 큐빅 원터치 링귀걸이 (2color),main.jpg
[92.5 silver] 에폭 큐빅 원터치 링귀걸이 (2color),sub_1.jpg
[써지컬스틸] 볼드 투라인 원터치 귀걸이 (2color),main.jpg
[써지컬스틸] 볼드 투라인 원터치 귀걸이 (2color),sub_1.jpg
[92.5 silver] the sun square necklace,main.jpg
[92.5 silver] the sun square necklace,sub_3.jpg
[92.5 silver] the sun square necklace,sub_2.jpg
[92.5 silver] the sun square necklace,sub_1.jpg
5ps 커브 볼드 반지 세트,main.jpg
5ps 커브 볼드 반지 세트,sub_1.jpg
메리 진주 귀걸이 세트 8종 set (2color),main.jpg
메리 진주 귀걸이 세트 8종 set (2color),sub_2.jpg
메리 진주 귀걸이 세트 8종 set (2color),sub_1.jpg
프레즐 진주 반묶음집게핀 (3color),main.jpg
프레즐 진주 반묶음집게핀 (3color),sub_3.jpg
프레즐 진주 반묶음집게핀 (3color),sub_2.jpg
프레즐 진주 반묶음집게핀 (3color),sub_1.jpg
[92.5 silver] 러브 베어 각인 목걸이,main.jpg
[92.5 silver] 러브 베어 각인 목걸이,sub_1.jpg
롱런 하트 팔찌 (2color),main.jpg
롱런 하트 팔찌 (2color),sub_1.jpg
[92.5 silver] 미니 블랙 스퀘어 원터치 링 귀걸이 (2color),main.jpg
[92.5 silver] 미니 블랙 스퀘어 원터치 링 귀걸이 (2color),sub_1.jpg
[써지컬스틸] zigzag pearl necklace,main.jpg
[써지컬스틸] zigzag pearl necklace,sub_2.jpg
[써지컬스틸] zigzag pearl necklace,sub_1.jpg
"[컬러추가_담수진주,천연원석] daisy gem bracelet (4color)",main.jpg
"[컬러추가_담수진주,천연원석] daisy gem bracelet (4color)",sub_3.jpg
"[컬러추가_담수진주,천연원석] daisy gem bracelet (4color)",sub_2.jpg
"[컬러추가_담수진주,천연원석] daisy gem bracelet (4color)",sub_1.jpg
"[컬러추가_담수진주,천연원석] daisy gem bracelet (4color)",sub_4.jpg
실버925 조개 펄 스트링 롱목걸이,main.jpg
실버925 조개 펄 스트링 롱목걸이,sub_1.jpg
[세트구성] 3ps marble acrylic ring set (6color),main.jpg
[세트구성] 3ps marble acrylic ring set (6color),sub_2.jpg
[세트구성] 3ps marble acrylic ring set (6color),sub_1.jpg
[92.5 silver] 핑크 스왈 진주 목걸이 (3type),main.jpg
[92.5 silver] 핑크 스왈 진주 목걸이 (3type),sub_2.jpg
[92.5 silver] 핑크 스왈 진주 목걸이 (3type),sub_1.jpg
페이브 무광 실반지 세트 7ps (2color),main.jpg
페이브 무광 실반지 세트 7ps (2color),sub_3.jpg
페이브 무광 실반지 세트 7ps (2color),sub_2.jpg
페이브 무광 실반지 세트 7ps (2color),sub_1.jpg
[92.5 silver] daisy necklace,main.jpg
[92.5 silver] daisy necklace,sub_3.jpg
[92.5 silver] daisy necklace,sub_2.jpg
[92.5 silver] daisy necklace,sub_1.jpg
웨이브 실키 헤어 스크런치 (8color),main.jpg
웨이브 실키 헤어 스크런치 (8color),sub_3.jpg
웨이브 실키 헤어 스크런치 (8color),sub_2.jpg
웨이브 실키 헤어 스크런치 (8color),sub_1.jpg
[92.5 silver] 담수진주 오팔 밴딩 반지 (2color),main.jpg
[92.5 silver] 담수진주 오팔 밴딩 반지 (2color),sub_1.jpg
3ps vintage gross pearl ring set (2color),main.jpg
3ps vintage gross pearl ring set (2color),sub_2.jpg
3ps vintage gross pearl ring set (2color),sub_1.jpg
[92.5 silver] 플라워 호마이카 귀걸이,main.jpg
[92.5 silver] 플라워 호마이카 귀걸이,sub_2.jpg
[92.5 silver] 플라워 호마이카 귀걸이,sub_1.jpg
[써지컬스틸] 라운드 블랙 테니스 큐빅 반지 (3color),main.jpg
[써지컬스틸] 라운드 블랙 테니스 큐빅 반지 (3color),sub_1.jpg
5ps 블랙데이 플라워 레이어드반지 세트,main.jpg
5ps 블랙데이 플라워 레이어드반지 세트,sub_2.jpg
5ps 블랙데이 플라워 레이어드반지 세트,sub_1.jpg
[92.5 silver] brilliant gem ring (2 color),main.jpg
[92.5 silver] brilliant gem ring (2 color),sub_1.jpg
[써지컬스틸] 플라워 아크릴 목걸이 (5color),main.jpg
[써지컬스틸] 플라워 아크릴 목걸이 (5color),sub_1.jpg
[천연원석] 힙 하트 원석 목걸이 (5color),main.jpg
[천연원석] 힙 하트 원석 목걸이 (5color),sub_3.jpg
[천연원석] 힙 하트 원석 목걸이 (5color),sub_2.jpg
[천연원석] 힙 하트 원석 목걸이 (5color),sub_1.jpg
[천연원석] 힙 하트 원석 목걸이 (5color),sub_4.jpg
비비드 하트 옆머리핀 집게핀 (3color),main.jpg
비비드 하트 옆머리핀 집게핀 (3color),sub_1.jpg
파이 하트 롱 써지컬목걸이 (2color),main.jpg
파이 하트 롱 써지컬목걸이 (2color),sub_3.jpg
파이 하트 롱 써지컬목걸이 (2color),sub_2.jpg
파이 하트 롱 써지컬목걸이 (2color),sub_1.jpg
실버925 로잉 담수진주 투웨이 원터치 링귀걸이 (2color),main.jpg
실버925 로잉 담수진주 투웨이 원터치 링귀걸이 (2color),sub_2.jpg
실버925 로잉 담수진주 투웨이 원터치 링귀걸이 (2color),sub_1.jpg
5ps 코튼캔디 비즈반지 세트 (2color),main.jpg
5ps 코튼캔디 비즈반지 세트 (2color),sub_2.jpg
5ps 코튼캔디 비즈반지 세트 (2color),sub_1.jpg
4ps 구르미 오로라 호마이카반지 세트 (4color),main.jpg
4ps 구르미 오로라 호마이카반지 세트 (4color),sub_2.jpg
4ps 구르미 오로라 호마이카반지 세트 (4color),sub_1.jpg
[셀룰로오스:컬러추가] 미니 프렌치 헤어핀 (9color),main.jpg
[셀룰로오스:컬러추가] 미니 프렌치 헤어핀 (9color),sub_3.jpg
[셀룰로오스:컬러추가] 미니 프렌치 헤어핀 (9color),sub_2.jpg
[셀룰로오스:컬러추가] 미니 프렌치 헤어핀 (9color),sub_1.jpg
샤스타 데이지 비즈 귀걸이,main.jpg
샤스타 데이지 비즈 귀걸이,sub_1.jpg
별 데님 헤어 스크런치 (3color),main.jpg
별 데님 헤어 스크런치 (3color),sub_3.jpg
별 데님 헤어 스크런치 (3color),sub_2.jpg
별 데님 헤어 스크런치 (3color),sub_1.jpg
[92.5 silver] 트윙클 하트 큐빅 귀걸이 (2color),main.jpg
[92.5 silver] 트윙클 하트 큐빅 귀걸이 (2color),sub_2.jpg
[92.5 silver] 트윙클 하트 큐빅 귀걸이 (2color),sub_1.jpg
"[92.5silver,천연원석] verbena gemstone ring (2color)",main.jpg
"[92.5silver,천연원석] verbena gemstone ring (2color)",sub_1.jpg
5ps 안젤라 하트 반지 세트 (2color),main.jpg
5ps 안젤라 하트 반지 세트 (2color),sub_2.jpg
5ps 안젤라 하트 반지 세트 (2color),sub_1.jpg
스파크 두줄 써지컬팔찌 볼팔찌 (2color),main.jpg
스파크 두줄 써지컬팔찌 볼팔찌 (2color),sub_2.jpg
스파크 두줄 써지컬팔찌 볼팔찌 (2color),sub_1.jpg
모멘텀 하트반지 세트,main.jpg
모멘텀 하트반지 세트,sub_1.jpg
8종세트 크라운 큐빅귀걸이 세트 (2color),main.jpg
8종세트 크라운 큐빅귀걸이 세트 (2color),sub_3.jpg
8종세트 크라운 큐빅귀걸이 세트 (2color),sub_2.jpg
8종세트 크라운 큐빅귀걸이 세트 (2color),sub_1.jpg
"[92.5 silver, 18k 골드도금] 베베 진주 은귀걸이 (2color)",main.jpg
"[92.5 silver, 18k 골드도금] 베베 진주 은귀걸이 (2color)",sub_3.jpg
"[92.5 silver, 18k 골드도금] 베베 진주 은귀걸이 (2color)",sub_2.jpg
"[92.5 silver, 18k 골드도금] 베베 진주 은귀걸이 (2color)",sub_1.jpg
[92.5 silver] 리본 진주 목걸이,main.jpg
[92.5 silver] 리본 진주 목걸이,sub_1.jpg
[92.5 silver] 크로스 은볼 체인 볼드 반지,main.jpg
[92.5 silver] 크로스 은볼 체인 볼드 반지,sub_1.jpg
셀룰로이드 허쉬 마블 반묶음집게핀 (5color),main.jpg
셀룰로이드 허쉬 마블 반묶음집게핀 (5color),sub_3.jpg
셀룰로이드 허쉬 마블 반묶음집게핀 (5color),sub_2.jpg
셀룰로이드 허쉬 마블 반묶음집게핀 (5color),sub_1.jpg
[셀룰로오스_세트구성] 프랑스 곰돌이 미니 집게핀 세트 (6color),main.jpg
[셀룰로오스_세트구성] 프랑스 곰돌이 미니 집게핀 세트 (6color),sub_2.jpg
[셀룰로오스_세트구성] 프랑스 곰돌이 미니 집게핀 세트 (6color),sub_1.jpg
바스락 배색 빅 헤어 스크런치 머리끈 (5color),main.jpg
바스락 배색 빅 헤어 스크런치 머리끈 (5color),sub_3.jpg
바스락 배색 빅 헤어 스크런치 머리끈 (5color),sub_2.jpg
바스락 배색 빅 헤어 스크런치 머리끈 (5color),sub_1.jpg
[92.5 silver] aurora ball earring (3size),main.jpg
[92.5 silver] aurora ball earring (3size),sub_3.jpg
[92.5 silver] aurora ball earring (3size),sub_2.jpg
[92.5 silver] aurora ball earring (3size),sub_1.jpg
"[92.5 silver, 천연원석] 캣츠아이 원석 볼 목걸이 (4color)",main.jpg
"[92.5 silver, 천연원석] 캣츠아이 원석 볼 목걸이 (4color)",sub_3.jpg
"[92.5 silver, 천연원석] 캣츠아이 원석 볼 목걸이 (4color)",sub_2.jpg
"[92.5 silver, 천연원석] 캣츠아이 원석 볼 목걸이 (4color)",sub_1.jpg
[써지컬스틸_천연원석] 하프 플라워 원석 목걸이 (3color),main.jpg
[써지컬스틸_천연원석] 하프 플라워 원석 목걸이 (3color),sub_1.jpg
[담수진주] 스위티 자개 플라워 반지 (4color),main.jpg
[담수진주] 스위티 자개 플라워 반지 (4color),sub_1.jpg
[92.5 silver] 하트빔 체인 팔찌 (2color),main.jpg
[92.5 silver] 하트빔 체인 팔찌 (2color),sub_1.jpg
실버925 아크릴 하트 오벌 원터치 링귀걸이,main.jpg
실버925 아크릴 하트 오벌 원터치 링귀걸이,sub_1.jpg
그로브 매듭 로프 하트목걸이 (2color),main.jpg
그로브 매듭 로프 하트목걸이 (2color),sub_2.jpg
그로브 매듭 로프 하트목걸이 (2color),sub_1.jpg
[써지컬스틸] 파스텔 하트 귀걸이 (3color),main.jpg
[써지컬스틸] 파스텔 하트 귀걸이 (3color),sub_2.jpg
[써지컬스틸] 파스텔 하트 귀걸이 (3color),sub_1.jpg
[써지컬스틸] big heart piercing (4color),main.jpg
[써지컬스틸] big heart piercing (4color),sub_1.jpg
스프링 플라워 비즈 팔찌 (3type),main.jpg
스프링 플라워 비즈 팔찌 (3type),sub_2.jpg
스프링 플라워 비즈 팔찌 (3type),sub_1.jpg
[천연원석] 프라이 자개 꽃 밴딩 팔찌 (4color),main.jpg
[천연원석] 프라이 자개 꽃 밴딩 팔찌 (4color),sub_2.jpg
[천연원석] 프라이 자개 꽃 밴딩 팔찌 (4color),sub_1.jpg
키치 3줄 레이어드 목걸이 (2color),main.jpg
키치 3줄 레이어드 목걸이 (2color),sub_1.jpg
[92.5 silver] 로즈골드 라운드 원석 목걸이 (2color),main.jpg
[92.5 silver] 로즈골드 라운드 원석 목걸이 (2color),sub_1.jpg
실버925 샤이닝 볼목걸이,main.jpg
실버925 샤이닝 볼목걸이,sub_3.jpg
실버925 샤이닝 볼목걸이,sub_2.jpg
실버925 샤이닝 볼목걸이,sub_1.jpg
